	Filename	Predictions
0	agricultural/agricultural00.tif	agricultural
1	agricultural/agricultural01.tif	agricultural
2	agricultural/agricultural02.tif	agricultural
3	agricultural/agricultural03.tif	agricultural
4	agricultural/agricultural04.tif	forest
5	agricultural/agricultural05.tif	agricultural
6	agricultural/agricultural06.tif	agricultural
7	agricultural/agricultural07.tif	agricultural
8	agricultural/agricultural08.tif	agricultural
9	agricultural/agricultural09.tif	agricultural
10	agricultural/agricultural10.tif	agricultural
11	agricultural/agricultural11.tif	agricultural
12	agricultural/agricultural12.tif	agricultural
13	agricultural/agricultural13.tif	agricultural
14	agricultural/agricultural14.tif	agricultural
15	agricultural/agricultural15.tif	agricultural
16	agricultural/agricultural16.tif	agricultural
17	agricultural/agricultural17.tif	agricultural
18	agricultural/agricultural18.tif	agricultural
19	agricultural/agricultural19.tif	agricultural
20	agricultural/agricultural20.tif	agricultural
21	agricultural/agricultural21.tif	agricultural
22	agricultural/agricultural22.tif	agricultural
23	agricultural/agricultural23.tif	agricultural
24	agricultural/agricultural24.tif	agricultural
25	agricultural/agricultural25.tif	agricultural
26	agricultural/agricultural26.tif	agricultural
27	airplane/airplane00.tif	airplane
28	airplane/airplane01.tif	airplane
29	airplane/airplane02.tif	airplane
30	airplane/airplane03.tif	airplane
31	airplane/airplane04.tif	airplane
32	airplane/airplane05.tif	airplane
33	airplane/airplane06.tif	airplane
34	airplane/airplane07.tif	airplane
35	airplane/airplane08.tif	storagetanks
36	airplane/airplane09.tif	airplane
37	airplane/airplane10.tif	airplane
38	airplane/airplane11.tif	airplane
39	airplane/airplane12.tif	airplane
40	airplane/airplane13.tif	storagetanks
41	airplane/airplane14.tif	airplane
42	airplane/airplane15.tif	storagetanks
43	airplane/airplane16.tif	airplane
44	airplane/airplane17.tif	airplane
45	airplane/airplane18.tif	airplane
46	airplane/airplane19.tif	airplane
47	airplane/airplane20.tif	airplane
48	airplane/airplane21.tif	airplane
49	airplane/airplane22.tif	airplane
50	airplane/airplane23.tif	airplane
51	airplane/airplane24.tif	airplane
52	airplane/airplane25.tif	airplane
53	airplane/airplane26.tif	airplane
54	baseballdiamond/baseballdiamond00.tif	sparseresidential
55	baseballdiamond/baseballdiamond01.tif	baseballdiamond
56	baseballdiamond/baseballdiamond02.tif	baseballdiamond
57	baseballdiamond/baseballdiamond03.tif	baseballdiamond
58	baseballdiamond/baseballdiamond04.tif	baseballdiamond
59	baseballdiamond/baseballdiamond05.tif	baseballdiamond
60	baseballdiamond/baseballdiamond06.tif	baseballdiamond
61	baseballdiamond/baseballdiamond07.tif	baseballdiamond
62	baseballdiamond/baseballdiamond08.tif	baseballdiamond
63	baseballdiamond/baseballdiamond09.tif	baseballdiamond
64	baseballdiamond/baseballdiamond10.tif	baseballdiamond
65	baseballdiamond/baseballdiamond11.tif	baseballdiamond
66	baseballdiamond/baseballdiamond12.tif	baseballdiamond
67	baseballdiamond/baseballdiamond13.tif	baseballdiamond
68	baseballdiamond/baseballdiamond14.tif	baseballdiamond
69	baseballdiamond/baseballdiamond15.tif	baseballdiamond
70	baseballdiamond/baseballdiamond16.tif	baseballdiamond
71	baseballdiamond/baseballdiamond17.tif	baseballdiamond
72	baseballdiamond/baseballdiamond18.tif	baseballdiamond
73	baseballdiamond/baseballdiamond19.tif	baseballdiamond
74	baseballdiamond/baseballdiamond20.tif	baseballdiamond
75	baseballdiamond/baseballdiamond21.tif	baseballdiamond
76	baseballdiamond/baseballdiamond22.tif	baseballdiamond
77	baseballdiamond/baseballdiamond23.tif	baseballdiamond
78	baseballdiamond/baseballdiamond24.tif	baseballdiamond
79	baseballdiamond/baseballdiamond25.tif	baseballdiamond
80	baseballdiamond/baseballdiamond26.tif	baseballdiamond
81	beach/beach00.tif	beach
82	beach/beach01.tif	beach
83	beach/beach02.tif	beach
84	beach/beach03.tif	beach
85	beach/beach04.tif	beach
86	beach/beach05.tif	beach
87	beach/beach06.tif	beach
88	beach/beach07.tif	beach
89	beach/beach08.tif	beach
90	beach/beach09.tif	beach
91	beach/beach10.tif	beach
92	beach/beach11.tif	beach
93	beach/beach12.tif	beach
94	beach/beach13.tif	beach
95	beach/beach14.tif	beach
96	beach/beach15.tif	beach
97	beach/beach16.tif	beach
98	beach/beach17.tif	beach
99	beach/beach18.tif	beach
100	beach/beach19.tif	beach
101	beach/beach20.tif	beach
102	beach/beach21.tif	beach
103	beach/beach22.tif	beach
104	beach/beach23.tif	beach
105	beach/beach24.tif	beach
106	beach/beach25.tif	beach
107	beach/beach26.tif	beach
108	buildings/buildings00.tif	buildings
109	buildings/buildings01.tif	buildings
110	buildings/buildings02.tif	buildings
111	buildings/buildings03.tif	tenniscourt
112	buildings/buildings04.tif	buildings
113	buildings/buildings05.tif	mediumresidential
114	buildings/buildings06.tif	buildings
115	buildings/buildings07.tif	buildings
116	buildings/buildings08.tif	buildings
117	buildings/buildings09.tif	intersection
118	buildings/buildings10.tif	buildings
119	buildings/buildings11.tif	buildings
120	buildings/buildings12.tif	storagetanks
121	buildings/buildings13.tif	intersection
122	buildings/buildings14.tif	denseresidential
123	buildings/buildings15.tif	buildings
124	buildings/buildings16.tif	tenniscourt
125	buildings/buildings17.tif	buildings
126	buildings/buildings18.tif	buildings
127	buildings/buildings19.tif	denseresidential
128	buildings/buildings20.tif	buildings
129	buildings/buildings21.tif	buildings
130	buildings/buildings22.tif	storagetanks
131	buildings/buildings23.tif	buildings
132	buildings/buildings24.tif	buildings
133	buildings/buildings25.tif	denseresidential
134	buildings/buildings26.tif	buildings
135	chaparral/chaparral00.tif	chaparral
136	chaparral/chaparral01.tif	chaparral
137	chaparral/chaparral02.tif	chaparral
138	chaparral/chaparral03.tif	chaparral
139	chaparral/chaparral04.tif	chaparral
140	chaparral/chaparral05.tif	chaparral
141	chaparral/chaparral06.tif	chaparral
142	chaparral/chaparral07.tif	chaparral
143	chaparral/chaparral08.tif	chaparral
144	chaparral/chaparral09.tif	chaparral
145	chaparral/chaparral10.tif	chaparral
146	chaparral/chaparral11.tif	chaparral
147	chaparral/chaparral12.tif	chaparral
148	chaparral/chaparral13.tif	chaparral
149	chaparral/chaparral14.tif	chaparral
150	chaparral/chaparral15.tif	chaparral
151	chaparral/chaparral16.tif	chaparral
152	chaparral/chaparral17.tif	chaparral
153	chaparral/chaparral18.tif	chaparral
154	chaparral/chaparral19.tif	chaparral
155	chaparral/chaparral20.tif	chaparral
156	chaparral/chaparral21.tif	chaparral
157	chaparral/chaparral22.tif	chaparral
158	chaparral/chaparral23.tif	chaparral
159	chaparral/chaparral24.tif	chaparral
160	chaparral/chaparral25.tif	chaparral
161	chaparral/chaparral26.tif	chaparral
162	denseresidential/denseresidential00.tif	mobilehomepark
163	denseresidential/denseresidential01.tif	denseresidential
164	denseresidential/denseresidential02.tif	denseresidential
165	denseresidential/denseresidential03.tif	denseresidential
166	denseresidential/denseresidential04.tif	denseresidential
167	denseresidential/denseresidential05.tif	denseresidential
168	denseresidential/denseresidential06.tif	denseresidential
169	denseresidential/denseresidential07.tif	denseresidential
170	denseresidential/denseresidential08.tif	mobilehomepark
171	denseresidential/denseresidential09.tif	mobilehomepark
172	denseresidential/denseresidential10.tif	mediumresidential
173	denseresidential/denseresidential11.tif	mediumresidential
174	denseresidential/denseresidential12.tif	mediumresidential
175	denseresidential/denseresidential13.tif	mediumresidential
176	denseresidential/denseresidential14.tif	denseresidential
177	denseresidential/denseresidential15.tif	denseresidential
178	denseresidential/denseresidential16.tif	denseresidential
179	denseresidential/denseresidential17.tif	denseresidential
180	denseresidential/denseresidential18.tif	mediumresidential
181	denseresidential/denseresidential19.tif	denseresidential
182	denseresidential/denseresidential20.tif	mediumresidential
183	denseresidential/denseresidential21.tif	mediumresidential
184	denseresidential/denseresidential22.tif	mediumresidential
185	denseresidential/denseresidential23.tif	mediumresidential
186	denseresidential/denseresidential24.tif	mediumresidential
187	denseresidential/denseresidential25.tif	mediumresidential
188	denseresidential/denseresidential26.tif	denseresidential
189	forest/forest18.tif	forest
190	forest/forest19.tif	forest
191	forest/forest20.tif	forest
192	forest/forest21.tif	forest
193	forest/forest22.tif	forest
194	forest/forest23.tif	forest
195	forest/forest24.tif	forest
196	forest/forest25.tif	forest
197	forest/forest26.tif	chaparral
198	forest/forest27.tif	forest
199	forest/forest28.tif	forest
200	forest/forest29.tif	forest
201	forest/forest30.tif	forest
202	forest/forest31.tif	forest
203	forest/forest32.tif	forest
204	forest/forest33.tif	forest
205	forest/forest34.tif	forest
206	forest/forest35.tif	forest
207	forest/forest36.tif	forest
208	forest/forest37.tif	forest
209	forest/forest38.tif	forest
210	forest/forest39.tif	forest
211	forest/forest40.tif	forest
212	forest/forest41.tif	forest
213	forest/forest42.tif	forest
214	forest/forest43.tif	forest
215	forest/forest44.tif	forest
216	freeway/freeway09.tif	freeway
217	freeway/freeway10.tif	freeway
218	freeway/freeway11.tif	freeway
219	freeway/freeway12.tif	freeway
220	freeway/freeway13.tif	freeway
221	freeway/freeway14.tif	freeway
222	freeway/freeway15.tif	freeway
223	freeway/freeway16.tif	freeway
224	freeway/freeway17.tif	freeway
225	freeway/freeway18.tif	freeway
226	freeway/freeway19.tif	freeway
227	freeway/freeway20.tif	freeway
228	freeway/freeway21.tif	freeway
229	freeway/freeway22.tif	freeway
230	freeway/freeway23.tif	freeway
231	freeway/freeway24.tif	freeway
232	freeway/freeway25.tif	freeway
233	freeway/freeway26.tif	freeway
234	freeway/freeway27.tif	freeway
235	freeway/freeway28.tif	freeway
236	freeway/freeway29.tif	freeway
237	freeway/freeway30.tif	freeway
238	freeway/freeway31.tif	freeway
239	freeway/freeway32.tif	freeway
240	freeway/freeway33.tif	freeway
241	freeway/freeway34.tif	overpass
242	freeway/freeway35.tif	freeway
243	golfcourse/golfcourse00.tif	golfcourse
244	golfcourse/golfcourse08.tif	golfcourse
245	golfcourse/golfcourse11.tif	golfcourse
246	golfcourse/golfcourse13.tif	river
247	golfcourse/golfcourse17.tif	golfcourse
248	golfcourse/golfcourse19.tif	golfcourse
249	golfcourse/golfcourse23.tif	golfcourse
250	golfcourse/golfcourse26.tif	golfcourse
251	golfcourse/golfcourse27.tif	golfcourse
252	golfcourse/golfcourse31.tif	golfcourse
253	golfcourse/golfcourse35.tif	golfcourse
254	golfcourse/golfcourse39.tif	golfcourse
255	golfcourse/golfcourse43.tif	golfcourse
256	golfcourse/golfcourse52.tif	golfcourse
257	golfcourse/golfcourse57.tif	golfcourse
258	golfcourse/golfcourse58.tif	golfcourse
259	golfcourse/golfcourse59.tif	golfcourse
260	golfcourse/golfcourse63.tif	golfcourse
261	golfcourse/golfcourse64.tif	baseballdiamond
262	golfcourse/golfcourse66.tif	baseballdiamond
263	golfcourse/golfcourse70.tif	golfcourse
264	golfcourse/golfcourse91.tif	golfcourse
265	golfcourse/golfcourse92.tif	golfcourse
266	golfcourse/golfcourse93.tif	golfcourse
267	golfcourse/golfcourse94.tif	golfcourse
268	golfcourse/golfcourse97.tif	golfcourse
269	golfcourse/golfcourse98.tif	golfcourse
270	harbor/harbor09.tif	harbor
271	harbor/harbor10.tif	harbor
272	harbor/harbor11.tif	harbor
273	harbor/harbor12.tif	harbor
274	harbor/harbor13.tif	harbor
275	harbor/harbor14.tif	harbor
276	harbor/harbor15.tif	harbor
277	harbor/harbor16.tif	harbor
278	harbor/harbor17.tif	harbor
279	harbor/harbor18.tif	harbor
280	harbor/harbor19.tif	harbor
281	harbor/harbor20.tif	harbor
282	harbor/harbor21.tif	harbor
283	harbor/harbor22.tif	harbor
284	harbor/harbor23.tif	harbor
285	harbor/harbor24.tif	harbor
286	harbor/harbor25.tif	harbor
287	harbor/harbor26.tif	harbor
288	harbor/harbor27.tif	harbor
289	harbor/harbor28.tif	harbor
290	harbor/harbor29.tif	harbor
291	harbor/harbor30.tif	harbor
292	harbor/harbor31.tif	harbor
293	harbor/harbor32.tif	harbor
294	harbor/harbor33.tif	harbor
295	harbor/harbor34.tif	harbor
296	harbor/harbor35.tif	harbor
297	intersection/intersection18.tif	intersection
298	intersection/intersection19.tif	intersection
299	intersection/intersection20.tif	intersection
300	intersection/intersection21.tif	intersection
301	intersection/intersection22.tif	intersection
302	intersection/intersection23.tif	intersection
303	intersection/intersection24.tif	intersection
304	intersection/intersection25.tif	intersection
305	intersection/intersection26.tif	intersection
306	intersection/intersection27.tif	intersection
307	intersection/intersection28.tif	intersection
308	intersection/intersection29.tif	intersection
309	intersection/intersection30.tif	intersection
310	intersection/intersection31.tif	intersection
311	intersection/intersection32.tif	intersection
312	intersection/intersection33.tif	intersection
313	intersection/intersection34.tif	intersection
314	intersection/intersection35.tif	intersection
315	intersection/intersection36.tif	intersection
316	intersection/intersection37.tif	intersection
317	intersection/intersection38.tif	intersection
318	intersection/intersection39.tif	intersection
319	intersection/intersection40.tif	intersection
320	intersection/intersection41.tif	intersection
321	intersection/intersection42.tif	intersection
322	intersection/intersection43.tif	intersection
323	intersection/intersection44.tif	intersection
324	mediumresidential/mediumresidential09.tif	mediumresidential
325	mediumresidential/mediumresidential10.tif	mediumresidential
326	mediumresidential/mediumresidential11.tif	mediumresidential
327	mediumresidential/mediumresidential12.tif	mediumresidential
328	mediumresidential/mediumresidential13.tif	mediumresidential
329	mediumresidential/mediumresidential14.tif	mediumresidential
330	mediumresidential/mediumresidential15.tif	mediumresidential
331	mediumresidential/mediumresidential16.tif	mediumresidential
332	mediumresidential/mediumresidential17.tif	mediumresidential
333	mediumresidential/mediumresidential18.tif	mediumresidential
334	mediumresidential/mediumresidential19.tif	sparseresidential
335	mediumresidential/mediumresidential20.tif	mediumresidential
336	mediumresidential/mediumresidential21.tif	sparseresidential
337	mediumresidential/mediumresidential22.tif	mediumresidential
338	mediumresidential/mediumresidential23.tif	mediumresidential
339	mediumresidential/mediumresidential24.tif	mediumresidential
340	mediumresidential/mediumresidential25.tif	mediumresidential
341	mediumresidential/mediumresidential26.tif	mediumresidential
342	mediumresidential/mediumresidential27.tif	mediumresidential
343	mediumresidential/mediumresidential28.tif	mediumresidential
344	mediumresidential/mediumresidential29.tif	mediumresidential
345	mediumresidential/mediumresidential30.tif	mediumresidential
346	mediumresidential/mediumresidential31.tif	mediumresidential
347	mediumresidential/mediumresidential32.tif	mediumresidential
348	mediumresidential/mediumresidential33.tif	mediumresidential
349	mediumresidential/mediumresidential34.tif	mediumresidential
350	mediumresidential/mediumresidential35.tif	mediumresidential
351	mobilehomepark/mobilehomepark09.tif	mobilehomepark
352	mobilehomepark/mobilehomepark10.tif	mobilehomepark
353	mobilehomepark/mobilehomepark11.tif	mediumresidential
354	mobilehomepark/mobilehomepark12.tif	mobilehomepark
355	mobilehomepark/mobilehomepark13.tif	buildings
356	mobilehomepark/mobilehomepark14.tif	mobilehomepark
357	mobilehomepark/mobilehomepark15.tif	mobilehomepark
358	mobilehomepark/mobilehomepark16.tif	mobilehomepark
359	mobilehomepark/mobilehomepark17.tif	mobilehomepark
360	mobilehomepark/mobilehomepark18.tif	mobilehomepark
361	mobilehomepark/mobilehomepark19.tif	mobilehomepark
362	mobilehomepark/mobilehomepark20.tif	denseresidential
363	mobilehomepark/mobilehomepark21.tif	mobilehomepark
364	mobilehomepark/mobilehomepark22.tif	mobilehomepark
365	mobilehomepark/mobilehomepark23.tif	mobilehomepark
366	mobilehomepark/mobilehomepark24.tif	mediumresidential
367	mobilehomepark/mobilehomepark25.tif	mobilehomepark
368	mobilehomepark/mobilehomepark26.tif	mobilehomepark
369	mobilehomepark/mobilehomepark27.tif	mobilehomepark
370	mobilehomepark/mobilehomepark28.tif	mobilehomepark
371	mobilehomepark/mobilehomepark29.tif	mobilehomepark
372	mobilehomepark/mobilehomepark30.tif	mobilehomepark
373	mobilehomepark/mobilehomepark31.tif	mobilehomepark
374	mobilehomepark/mobilehomepark32.tif	mobilehomepark
375	mobilehomepark/mobilehomepark33.tif	mobilehomepark
376	mobilehomepark/mobilehomepark34.tif	mobilehomepark
377	mobilehomepark/mobilehomepark35.tif	mobilehomepark
378	overpass/overpass18.tif	overpass
379	overpass/overpass19.tif	freeway
380	overpass/overpass20.tif	overpass
381	overpass/overpass21.tif	overpass
382	overpass/overpass22.tif	overpass
383	overpass/overpass23.tif	intersection
384	overpass/overpass24.tif	overpass
385	overpass/overpass25.tif	overpass
386	overpass/overpass26.tif	overpass
387	overpass/overpass27.tif	overpass
388	overpass/overpass28.tif	overpass
389	overpass/overpass29.tif	overpass
390	overpass/overpass30.tif	overpass
391	overpass/overpass31.tif	overpass
392	overpass/overpass32.tif	overpass
393	overpass/overpass33.tif	overpass
394	overpass/overpass34.tif	overpass
395	overpass/overpass35.tif	overpass
396	overpass/overpass36.tif	overpass
397	overpass/overpass37.tif	overpass
398	overpass/overpass38.tif	overpass
399	overpass/overpass39.tif	overpass
400	overpass/overpass40.tif	overpass
401	overpass/overpass41.tif	overpass
402	overpass/overpass42.tif	overpass
403	overpass/overpass43.tif	overpass
404	overpass/overpass44.tif	overpass
405	parkinglot/parkinglot09.tif	parkinglot
406	parkinglot/parkinglot10.tif	parkinglot
407	parkinglot/parkinglot11.tif	parkinglot
408	parkinglot/parkinglot12.tif	parkinglot
409	parkinglot/parkinglot13.tif	parkinglot
410	parkinglot/parkinglot14.tif	parkinglot
411	parkinglot/parkinglot15.tif	parkinglot
412	parkinglot/parkinglot16.tif	parkinglot
413	parkinglot/parkinglot17.tif	parkinglot
414	parkinglot/parkinglot18.tif	parkinglot
415	parkinglot/parkinglot19.tif	parkinglot
416	parkinglot/parkinglot20.tif	parkinglot
417	parkinglot/parkinglot21.tif	parkinglot
418	parkinglot/parkinglot22.tif	parkinglot
419	parkinglot/parkinglot23.tif	parkinglot
420	parkinglot/parkinglot24.tif	parkinglot
421	parkinglot/parkinglot25.tif	parkinglot
422	parkinglot/parkinglot26.tif	parkinglot
423	parkinglot/parkinglot27.tif	parkinglot
424	parkinglot/parkinglot28.tif	parkinglot
425	parkinglot/parkinglot29.tif	parkinglot
426	parkinglot/parkinglot30.tif	parkinglot
427	parkinglot/parkinglot31.tif	parkinglot
428	parkinglot/parkinglot32.tif	parkinglot
429	parkinglot/parkinglot33.tif	parkinglot
430	parkinglot/parkinglot34.tif	parkinglot
431	parkinglot/parkinglot35.tif	parkinglot
432	river/river09.tif	river
433	river/river10.tif	river
434	river/river11.tif	forest
435	river/river12.tif	forest
436	river/river13.tif	forest
437	river/river14.tif	river
438	river/river15.tif	river
439	river/river16.tif	river
440	river/river17.tif	river
441	river/river18.tif	river
442	river/river19.tif	river
443	river/river20.tif	river
444	river/river21.tif	river
445	river/river22.tif	river
446	river/river23.tif	river
447	river/river24.tif	forest
448	river/river25.tif	river
449	river/river26.tif	river
450	river/river27.tif	river
451	river/river28.tif	river
452	river/river29.tif	river
453	river/river30.tif	river
454	river/river31.tif	river
455	river/river32.tif	river
456	river/river33.tif	river
457	river/river34.tif	river
458	river/river35.tif	river
459	runway/runway14.tif	runway
460	runway/runway15.tif	runway
461	runway/runway18.tif	runway
462	runway/runway19.tif	runway
463	runway/runway20.tif	runway
464	runway/runway21.tif	runway
465	runway/runway22.tif	runway
466	runway/runway23.tif	runway
467	runway/runway24.tif	runway
468	runway/runway25.tif	runway
469	runway/runway26.tif	runway
470	runway/runway27.tif	runway
471	runway/runway28.tif	runway
472	runway/runway29.tif	runway
473	runway/runway30.tif	runway
474	runway/runway31.tif	runway
475	runway/runway32.tif	runway
476	runway/runway33.tif	runway
477	runway/runway34.tif	runway
478	runway/runway35.tif	runway
479	runway/runway56.tif	runway
480	runway/runway57.tif	runway
481	runway/runway58.tif	runway
482	runway/runway61.tif	runway
483	runway/runway69.tif	runway
484	runway/runway70.tif	runway
485	runway/runway77.tif	runway
486	sparseresidential/sparseresidential09.tif	sparseresidential
487	sparseresidential/sparseresidential10.tif	sparseresidential
488	sparseresidential/sparseresidential11.tif	mediumresidential
489	sparseresidential/sparseresidential12.tif	sparseresidential
490	sparseresidential/sparseresidential13.tif	sparseresidential
491	sparseresidential/sparseresidential14.tif	sparseresidential
492	sparseresidential/sparseresidential15.tif	sparseresidential
493	sparseresidential/sparseresidential16.tif	sparseresidential
494	sparseresidential/sparseresidential17.tif	sparseresidential
495	sparseresidential/sparseresidential18.tif	sparseresidential
496	sparseresidential/sparseresidential19.tif	sparseresidential
497	sparseresidential/sparseresidential20.tif	sparseresidential
498	sparseresidential/sparseresidential21.tif	sparseresidential
499	sparseresidential/sparseresidential22.tif	sparseresidential
500	sparseresidential/sparseresidential23.tif	sparseresidential
501	sparseresidential/sparseresidential24.tif	sparseresidential
502	sparseresidential/sparseresidential25.tif	sparseresidential
503	sparseresidential/sparseresidential26.tif	sparseresidential
504	sparseresidential/sparseresidential27.tif	sparseresidential
505	sparseresidential/sparseresidential28.tif	sparseresidential
506	sparseresidential/sparseresidential29.tif	sparseresidential
507	sparseresidential/sparseresidential30.tif	sparseresidential
508	sparseresidential/sparseresidential31.tif	sparseresidential
509	sparseresidential/sparseresidential32.tif	sparseresidential
510	sparseresidential/sparseresidential33.tif	sparseresidential
511	sparseresidential/sparseresidential34.tif	sparseresidential
512	sparseresidential/sparseresidential35.tif	sparseresidential
513	storagetanks/storagetanks18.tif	storagetanks
514	storagetanks/storagetanks19.tif	intersection
515	storagetanks/storagetanks20.tif	storagetanks
516	storagetanks/storagetanks21.tif	storagetanks
517	storagetanks/storagetanks22.tif	storagetanks
518	storagetanks/storagetanks23.tif	storagetanks
519	storagetanks/storagetanks24.tif	storagetanks
520	storagetanks/storagetanks25.tif	baseballdiamond
521	storagetanks/storagetanks26.tif	storagetanks
522	storagetanks/storagetanks27.tif	storagetanks
523	storagetanks/storagetanks28.tif	storagetanks
524	storagetanks/storagetanks29.tif	storagetanks
525	storagetanks/storagetanks30.tif	intersection
526	storagetanks/storagetanks31.tif	storagetanks
527	storagetanks/storagetanks32.tif	storagetanks
528	storagetanks/storagetanks33.tif	storagetanks
529	storagetanks/storagetanks34.tif	storagetanks
530	storagetanks/storagetanks35.tif	storagetanks
531	storagetanks/storagetanks36.tif	storagetanks
532	storagetanks/storagetanks37.tif	storagetanks
533	storagetanks/storagetanks38.tif	storagetanks
534	storagetanks/storagetanks39.tif	storagetanks
535	storagetanks/storagetanks40.tif	storagetanks
536	storagetanks/storagetanks41.tif	storagetanks
537	storagetanks/storagetanks42.tif	storagetanks
538	storagetanks/storagetanks43.tif	storagetanks
539	storagetanks/storagetanks44.tif	storagetanks
540	tenniscourt/tenniscourt18.tif	tenniscourt
541	tenniscourt/tenniscourt19.tif	tenniscourt
542	tenniscourt/tenniscourt20.tif	tenniscourt
543	tenniscourt/tenniscourt21.tif	tenniscourt
544	tenniscourt/tenniscourt22.tif	tenniscourt
545	tenniscourt/tenniscourt23.tif	tenniscourt
546	tenniscourt/tenniscourt24.tif	tenniscourt
547	tenniscourt/tenniscourt25.tif	tenniscourt
548	tenniscourt/tenniscourt26.tif	tenniscourt
549	tenniscourt/tenniscourt27.tif	tenniscourt
550	tenniscourt/tenniscourt28.tif	tenniscourt
551	tenniscourt/tenniscourt29.tif	tenniscourt
552	tenniscourt/tenniscourt30.tif	tenniscourt
553	tenniscourt/tenniscourt31.tif	tenniscourt
554	tenniscourt/tenniscourt32.tif	tenniscourt
555	tenniscourt/tenniscourt33.tif	tenniscourt
556	tenniscourt/tenniscourt34.tif	tenniscourt
557	tenniscourt/tenniscourt35.tif	tenniscourt
558	tenniscourt/tenniscourt36.tif	tenniscourt
559	tenniscourt/tenniscourt37.tif	tenniscourt
560	tenniscourt/tenniscourt38.tif	tenniscourt
561	tenniscourt/tenniscourt39.tif	tenniscourt
562	tenniscourt/tenniscourt40.tif	tenniscourt
563	tenniscourt/tenniscourt41.tif	tenniscourt
564	tenniscourt/tenniscourt42.tif	tenniscourt
565	tenniscourt/tenniscourt43.tif	tenniscourt
566	tenniscourt/tenniscourt44.tif	tenniscourt
